filename,slug,quiz_type,mode,question_count,has_explanations,status,warnings
kg3_math_big_small.html,math-big-small,tap_select,,100,yes,ok,0 warning(s)
kg3_math_how_many.html,math-how-many,tap_select,,100,yes,ok,0 warning(s)
kg3_math_more_less.html,math-more-less,tap_select,,100,yes,ok,0 warning(s)
kg3_math_position.html,math-position,tap_select,,100,yes,ok,0 warning(s)
kg3_math_shapes.html,math-shapes,tap_select,,100,yes,ok,0 warning(s)
kg3_math_tap_and_count.html,math-tap-and-count,tap_select,,100,yes,ok,0 warning(s)
Level_1_maths_Addition_upto_20.html,maths-addition-upto-20,mcq,,100,yes,ok,0 warning(s)
Level_1_maths_Compare_Numbers.html,maths-compare-numbers,mcq,,100,yes,ok,0 warning(s)
Level_1_maths_Missing_Number_0_to_20.html,maths-missing-number-0-to-20,mcq,,100,yes,ok,0 warning(s)
Level_1_maths_Number_Bonds_to_10.html,maths-number-bonds-to-10,mcq,,100,yes,ok,0 warning(s)
level_1_adding_doubles_till_10.html,adding-doubles-till-10,mcq,,100,yes,ok,0 warning(s)
level_1_adding_doubles_till_20.html,adding-doubles-till-20,mcq,,100,yes,ok,0 warning(s)
level_1_adding_doubles_till_30.html,adding-doubles-till-30,mcq,,100,yes,ok,0 warning(s)
level_1_addition_upto_30.html,addition-upto-30,mcq,,100,yes,ok,0 warning(s)
level_1_addition_upto_40.html,addition-upto-40,mcq,,100,yes,ok,0 warning(s)
level_1_addition_upto_5.html,addition-upto-5,mcq,,100,yes,ok,0 warning(s)
level_1_addition_upto_50.html,addition-upto-50,mcq,,100,yes,ok,0 warning(s)
level_1_ascending_and_descending_order_till_50.html,ascending-and-descending-order-till-50,mcq,,100,yes,ok,0 warning(s)
level_1_before_and_after_numbers.html,before-and-after-numbers,mcq,,100,yes,ok,0 warning(s)
level_1_convert_numbers_till_10.html,convert-numbers-till-10,mcq,,100,yes,ok,0 warning(s)
level_1_convert_numbers_till_20.html,convert-numbers-till-20,mcq,,100,yes,ok,0 warning(s)
level_1_convert_numbers_till_30.html,convert-numbers-till-30,mcq,,100,yes,ok,0 warning(s)
level_1_convert_numbers_till_40.html,convert-numbers-till-40,mcq,,100,yes,ok,0 warning(s)
level_1_convert_numbers_till_50.html,convert-numbers-till-50,mcq,,100,yes,ok,0 warning(s)
level_1_counting_objects.html,counting-objects,mcq,,100,yes,ok,0 warning(s)
level_1_maths_Addition_upto_10.html,maths-addition-upto-10,mcq,,100,yes,ok,0 warning(s)
level_1_maths_Addition_upto_15.html,maths-addition-upto-15,mcq,,100,yes,ok,0 warning(s)
level_1_number_line_upto_20.html,number-line-upto-20,mcq,,100,yes,ok,0 warning(s)
level_1_number_line_upto_30.html,number-line-upto-30,mcq,,100,yes,ok,0 warning(s)
level_1_number_line_upto_40.html,number-line-upto-40,mcq,,100,yes,ok,0 warning(s)
level_1_number_line_upto_50.html,number-line-upto-50,mcq,,100,yes,ok,0 warning(s)
level_1_odd_even_till_100.html,odd-even-till-100,mcq,,100,yes,ok,0 warning(s)
level_1_odd_even_till_20.html,odd-even-till-20,mcq,,100,yes,ok,0 warning(s)
level_1_odd_even_till_30.html,odd-even-till-30,mcq,,100,yes,ok,0 warning(s)
level_1_odd_even_till_50.html,odd-even-till-50,mcq,,100,yes,ok,0 warning(s)
level_1_place_value.html,place-value,mcq,,100,yes,ok,0 warning(s)
level_1_reading_numbers_till_10.html,reading-numbers-till-10,mcq,,100,yes,ok,0 warning(s)
level_1_reading_numbers_till_20.html,reading-numbers-till-20,mcq,,100,yes,ok,0 warning(s)
level_1_reading_numbers_till_30.html,reading-numbers-till-30,mcq,,100,yes,ok,0 warning(s)
level_1_reading_numbers_till_40.html,reading-numbers-till-40,mcq,,100,yes,ok,0 warning(s)
level_1_reading_numbers_till_50.html,reading-numbers-till-50,mcq,,100,yes,ok,0 warning(s)
level_1_shape_recognition.html,shape-recognition,mcq,,100,yes,ok,0 warning(s)
level_1_subtraction_till_10.html,subtraction-till-10,mcq,,100,yes,ok,0 warning(s)
level_1_subtraction_till_15.html,subtraction-till-15,mcq,,100,yes,ok,0 warning(s)
level_1_subtraction_till_20.html,subtraction-till-20,mcq,,100,yes,ok,0 warning(s)
level_1_subtraction_till_30.html,subtraction-till-30,mcq,,100,yes,ok,0 warning(s)
level_1_subtraction_till_40.html,subtraction-till-40,mcq,,100,yes,ok,0 warning(s)
level_1_subtraction_till_5.html,subtraction-till-5,mcq,,100,yes,ok,0 warning(s)
level_1_subtraction_till_50.html,subtraction-till-50,mcq,,100,yes,ok,0 warning(s)
level_1_word_problems_till_20.html,word-problems-till-20,mcq,,100,yes,ok,0 warning(s)
level_1_word_problems_till_30.html,word-problems-till-30,mcq,,100,yes,ok,0 warning(s)
level_1_word_problems_till_40.html,word-problems-till-40,mcq,,100,yes,ok,0 warning(s)
level_1_word_problems_till_50.html,word-problems-till-50,mcq,,100,yes,ok,0 warning(s)
leve1_eng_irregular_verbs_1.html,leve1-eng-irregular-verbs-1,mcq,,90,yes,ok,0 warning(s)
leve1_eng_irregular_verbs_2.html,leve1-eng-irregular-verbs-2,mcq,,100,yes,ok,0 warning(s)
leve1_eng_real_life.html,leve1-eng-real-life,mcq,,51,yes,ok,0 warning(s)
leve1_eng_vowels_1.html,leve1-eng-vowels-1,mcq,,100,yes,ok,0 warning(s)
leve1_eng_vowels_E.html,leve1-eng-vowels-e,mcq,,100,yes,ok,0 warning(s)
leve1_eng_vowels_I.html,leve1-eng-vowels-i,mcq,,100,yes,ok,0 warning(s)
leve1_eng_vowels_O.html,leve1-eng-vowels-o,mcq,,91,yes,ok,0 warning(s)
leve1_eng_vowels_U.html,leve1-eng-vowels-u,mcq,,100,yes,ok,0 warning(s)
level1_eng_antonym2.html,eng-antonym2,mcq,,98,yes,ok,0 warning(s)
example.html,example,drag_drop,word_order,3,yes,ok,0 warning(s)
level_1_eng_drag_and_drop_adjective-common_nouns.html,eng-drag-and-drop-adjective-common-nouns,drag_drop,two_box_sort,20,yes,ok,0 warning(s)
level_1_eng_drag_and_drop_proper-common_nouns.html,eng-drag-and-drop-proper-common-nouns,drag_drop,two_box_sort,20,yes,ok,0 warning(s)
level_1_eng_drag_and_drop_scrambled_words.html,eng-drag-and-drop-scrambled-words,drag_drop,word_order,25,yes,ok,0 warning(s)
level1_eng_identify_image_verbs.html,eng-identify-image-verbs,mcq,,50,yes,ok,0 warning(s)
level1_eng_identify_past_participle.html,eng-identify-past-participle,mcq,,100,no,ok,0 warning(s)
level1_eng_reading_vocabulary_1.html,eng-reading-vocabulary-1,mcq,,99,yes,ok,0 warning(s)
level1_eng_reading_vocabulary_3.html,eng-reading-vocabulary-3,mcq,,102,yes,ok,0 warning(s)
level1_eng_reading_vocabulary_4.html,eng-reading-vocabulary-4,mcq,,105,yes,ok,0 warning(s)
level1_eng_reading_vocabulary_5.html,eng-reading-vocabulary-5,mcq,,104,yes,ok,0 warning(s)
level1_eng_reading_vocabulary_6.html,eng-reading-vocabulary-6,mcq,,99,yes,ok,0 warning(s)
level_1_eng_sight_words1.html,eng-sight-words1,audio,,100,no,ok,0 warning(s)
level_1_eng_sight_words2.html,eng-sight-words2,audio,,100,no,ok,0 warning(s)
level_1_eng_sight_words3.html,eng-sight-words3,audio,,100,no,ok,0 warning(s)
level1_eng_verbs_pronouns.html,eng-verbs-pronouns,mcq,,20,yes,ok,0 warning(s)
level1_eng_vocabulary.html,eng-vocabulary,mcq,,100,yes,ok,0 warning(s)
level1_eng_vocabulary2.html,eng-vocabulary2,mcq,,101,yes,ok,0 warning(s)
level_1_eng_ question_structures.html,eng-question-structures,mcq,,100,yes,ok,0 warning(s)
level_1_eng_Identify_part1.html,eng-identify-part1,mcq,,50,yes,ok,0 warning(s)
level_1_eng_Identify_part2.html,eng-identify-part2,mcq,,50,yes,ok,0 warning(s)
level_1_eng_Identify_statements.html,eng-identify-statements,mcq,,99,yes,ok,0 warning(s)
level_1_eng_adjectives.html,eng-adjectives,mcq,,100,yes,ok,0 warning(s)
level_1_eng_adverb.html,eng-adverb,mcq,,100,yes,ok,0 warning(s)
level_1_eng_antonym.html,eng-antonym,mcq,,80,yes,ok,0 warning(s)
level_1_eng_cocktails_pronouns.html,eng-cocktails-pronouns,mcq,,100,yes,ok,0 warning(s)
level_1_eng_common_nouns.html,eng-common-nouns,mcq,,100,yes,ok,0 warning(s)
level_1_eng_define.html,eng-define,mcq,,100,yes,ok,0 warning(s)
level_1_eng_identify_cocktails.html,eng-identify-cocktails,mcq,,98,yes,ok,0 warning(s)
level_1_eng_identify_exclamation.html,eng-identify-exclamation,mcq,,98,yes,ok,0 warning(s)
level_1_eng_identify_questions.html,eng-identify-questions,mcq,,100,yes,ok,0 warning(s)
level_1_eng_identify_sentences.html,eng-identify-sentences,mcq,,98,yes,ok,0 warning(s)
level_1_eng_object_pronoun.html,eng-object-pronoun,mcq,,99,yes,ok,0 warning(s)
level_1_eng_preposition.html,eng-preposition,mcq,,100,yes,ok,0 warning(s)
level_1_eng_present_and_past_tense.html,eng-present-and-past-tense,mcq,,99,yes,ok,0 warning(s)
level_1_eng_proper_nouns.html,eng-proper-nouns,mcq,,100,yes,ok,0 warning(s)
level_1_eng_singular_plural.html,eng-singular-plural,mcq,,99,yes,ok,0 warning(s)
level_1_eng_subject_pronoun.html,eng-subject-pronoun,mcq,,102,yes,ok,0 warning(s)
level_1_eng_synonym.html,eng-synonym,mcq,,98,yes,ok,0 warning(s)
level_1_eng_synonym_2.html,eng-synonym-2,mcq,,100,yes,ok,0 warning(s)
level_1_eng_verbs-to_be_past_tense.html,eng-verbs-to-be-past-tense,mcq,,100,yes,ok,0 warning(s)
level_1_eng_verbs-to_be_present_tense.html,eng-verbs-to-be-present-tense,mcq,,99,yes,ok,0 warning(s)
level_1_eng_verbs_in_sentences.html,eng-verbs-in-sentences,mcq,,119,yes,ok,0 warning(s)
level_1_eng_who_how_all.html,eng-who-how-all,mcq,,99,yes,ok,0 warning(s)
level_1_english_verb_have_past_tense.html,english-verb-have-past-tense,mcq,,104,yes,ok,0 warning(s)
level_1_english_verb_to_be_present_tense.html,english-verb-to-be-present-tense,mcq,,100,yes,ok,0 warning(s)
level1_sci_animals.html,sci-animals,mcq,,100,yes,ok,0 warning(s)
level1_sci_biome.html,sci-biome,mcq,,100,yes,ok,0 warning(s)
level1_sci_birds.html,sci-birds,mcq,,99,yes,ok,0 warning(s)
level1_sci_body_parts.html,sci-body-parts,mcq,,100,yes,ok,0 warning(s)
level1_sci_critical_thinking1.html,sci-critical-thinking1,mcq,,110,yes,ok,0 warning(s)
level1_sci_critical_thinking2.html,sci-critical-thinking2,mcq,,100,yes,ok,0 warning(s)
level1_sci_critical_thinking3.html,sci-critical-thinking3,mcq,,102,yes,ok,0 warning(s)
level1_sci_critical_thinking4.html,sci-critical-thinking4,mcq,,101,yes,ok,0 warning(s)
level1_sci_definitions1.html,sci-definitions1,mcq,,100,yes,ok,0 warning(s)
level1_sci_forest.html,sci-forest,mcq,,100,yes,ok,0 warning(s)
level1_sci_habitats_animals.html,sci-habitats-animals,mcq,,101,yes,ok,0 warning(s)
level1_sci_insects.html,sci-insects,mcq,,100,yes,ok,0 warning(s)
level1_sci_living&non.html,sci-living-non,mcq,,100,yes,warning,1 warning(s)
level1_sci_marineanimas.html,sci-marineanimas,mcq,,100,yes,ok,0 warning(s)
level1_sci_organs.html,sci-organs,mcq,,100,yes,ok,0 warning(s)
level1_sci_planets.html,sci-planets,mcq,,100,yes,ok,0 warning(s)
level1_sci_plants.html,sci-plants,mcq,,100,yes,ok,0 warning(s)
level1_sci_stateofmatter.html,sci-stateofmatter,mcq,,101,yes,ok,0 warning(s)
level1_sci_universe.html,sci-universe,mcq,,100,yes,ok,0 warning(s)
level1_sci_weather.html,sci-weather,mcq,,100,yes,ok,0 warning(s)
level1_gk_animals.html,gk-animals,mcq,,100,yes,ok,0 warning(s)
level1_gk_colours.html,gk-colours,mcq,,100,yes,ok,0 warning(s)
level1_gk_days_months.html,gk-days-months,mcq,,100,yes,ok,0 warning(s)
level1_gk_fruits_veg.html,gk-fruits-veg,mcq,,100,yes,ok,0 warning(s)
level1_gk_l1.html,gk-l1,mcq,,100,yes,ok,0 warning(s)
level1_gk_l10.html,gk-l10,mcq,,100,yes,ok,0 warning(s)
level1_gk_l11.html,gk-l11,mcq,,100,yes,ok,0 warning(s)
level1_gk_l12.html,gk-l12,mcq,,100,yes,ok,0 warning(s)
level1_gk_l13.html,gk-l13,mcq,,100,yes,ok,0 warning(s)
level1_gk_l14.html,gk-l14,mcq,,100,yes,ok,0 warning(s)
level1_gk_l15.html,gk-l15,mcq,,100,yes,ok,0 warning(s)
level1_gk_l16.html,gk-l16,mcq,,100,yes,ok,0 warning(s)
level1_gk_l17.html,gk-l17,mcq,,100,yes,ok,0 warning(s)
level1_gk_l18.html,gk-l18,mcq,,100,yes,ok,0 warning(s)
level1_gk_l19.html,gk-l19,mcq,,100,yes,ok,0 warning(s)
level1_gk_l2.html,gk-l2,mcq,,100,yes,ok,0 warning(s)
level1_gk_l20.html,gk-l20,mcq,,100,yes,ok,0 warning(s)
level1_gk_l3.html,gk-l3,mcq,,100,yes,ok,0 warning(s)
level1_gk_l4.html,gk-l4,mcq,,100,yes,ok,0 warning(s)
level1_gk_l5.html,gk-l5,mcq,,100,yes,ok,0 warning(s)
level1_gk_l6.html,gk-l6,mcq,,100,yes,ok,0 warning(s)
level1_gk_l7.html,gk-l7,mcq,,100,yes,ok,0 warning(s)
level1_gk_l8.html,gk-l8,mcq,,100,yes,ok,0 warning(s)
level1_gk_l9.html,gk-l9,mcq,,100,yes,ok,0 warning(s)
level1_gk_my_body.html,gk-my-body,mcq,,100,yes,ok,0 warning(s)
